time,action,info
7.8277396574453455,completion,response_time=0.00,queue_time=1.00,ttft=1.01
11.046906259297394,completion,response_time=0.00,queue_time=1.00,ttft=1.01
13.944337484579533,completion,response_time=0.00,queue_time=1.00,ttft=1.01
18.22990795837203,completion,response_time=0.00,queue_time=1.00,ttft=1.01
22.14610751227429,completion,response_time=0.00,queue_time=1.00,ttft=1.01
24.766728977455525,completion,response_time=0.00,queue_time=1.00,ttft=1.01
24.83978454060061,completion,response_time=0.00,queue_time=1.00,ttft=1.01
29.593787258396574,completion,response_time=0.00,queue_time=1.00,ttft=1.01
31.341740803017604,completion,response_time=0.00,queue_time=1.00,ttft=1.01
32.69166424408695,completion,response_time=0.00,queue_time=1.00,ttft=1.01
35.780055676322846,completion,response_time=0.00,queue_time=1.00,ttft=1.01
35.780055676322846,completion,response_time=0.00,queue_time=1.01,ttft=1.02
36.327650164696664,completion,response_time=0.00,queue_time=1.01,ttft=1.02
38.24652757273279,completion,response_time=0.00,queue_time=1.01,ttft=1.02
39.093714070693025,completion,response_time=0.00,queue_time=1.01,ttft=1.02
39.889264868157355,completion,response_time=0.00,queue_time=1.00,ttft=1.01
41.141282993617885,completion,response_time=0.00,queue_time=1.01,ttft=1.02
41.16273075305992,completion,response_time=0.00,queue_time=1.01,ttft=1.02
42.92962112045032,completion,response_time=0.00,queue_time=1.00,ttft=1.01
43.07429083001026,completion,response_time=0.00,queue_time=1.00,ttft=1.01
45.21763365301084,completion,response_time=0.00,queue_time=1.01,ttft=1.02
46.83625019234552,completion,response_time=0.00,queue_time=1.01,ttft=1.02
49.96690538736994,completion,response_time=0.00,queue_time=1.00,ttft=1.01
50.214249108744774,completion,response_time=0.00,queue_time=1.01,ttft=1.02
50.300039760483415,completion,response_time=0.00,queue_time=1.00,ttft=1.01
52.464160973240915,completion,response_time=0.00,queue_time=1.00,ttft=1.01
52.74297933679569,completion,response_time=0.00,queue_time=1.01,ttft=1.02
55.27240263646665,completion,response_time=0.00,queue_time=1.01,ttft=1.02
55.486878300739555,completion,response_time=0.00,queue_time=1.01,ttft=1.02
56.636419574277575,completion,response_time=0.00,queue_time=1.01,ttft=1.02
58.99496356813526,completion,response_time=0.00,queue_time=1.01,ttft=1.02
59.281702421346225,completion,response_time=0.00,queue_time=1.01,ttft=1.02
60.289738043428876,completion,response_time=0.00,queue_time=1.01,ttft=1.02
60.6564844519526,completion,response_time=0.00,queue_time=1.01,ttft=1.02
61.52443947746039,completion,response_time=0.00,queue_time=1.01,ttft=1.02
61.94050823160397,completion,response_time=0.00,queue_time=1.01,ttft=1.02
62.53031896230715,completion,response_time=0.00,queue_time=1.01,ttft=1.02
62.78699711838557,completion,response_time=0.00,queue_time=1.01,ttft=1.02
63.218105176686144,completion,response_time=0.00,queue_time=1.01,ttft=1.02
63.66497515943867,completion,response_time=0.00,queue_time=1.01,ttft=1.02
64.85394023421357,completion,response_time=0.00,queue_time=1.01,ttft=1.02
66.22007565791291,completion,response_time=0.00,queue_time=1.01,ttft=1.02
67.93096402102182,completion,response_time=0.00,queue_time=1.01,ttft=1.02
68.78886667811344,completion,response_time=0.00,queue_time=1.01,ttft=1.02
69.39362728045491,completion,response_time=0.00,queue_time=1.01,ttft=1.02
70.32167505644051,completion,response_time=0.00,queue_time=1.01,ttft=1.02
71.11386129408301,completion,response_time=0.00,queue_time=1.01,ttft=1.02
71.68782571187757,completion,response_time=0.00,queue_time=1.01,ttft=1.02
72.3305618490711,completion,response_time=0.00,queue_time=1.00,ttft=1.01
73.36938420130836,completion,response_time=0.00,queue_time=1.01,ttft=1.02
75.10170449725538,completion,response_time=0.00,queue_time=1.01,ttft=1.02
77.71113357777453,completion,response_time=0.00,queue_time=1.01,ttft=1.02
78.28595068008005,completion,response_time=0.00,queue_time=1.01,ttft=1.02
79.74794785849329,completion,response_time=0.00,queue_time=1.01,ttft=1.02
79.88735641297276,completion,response_time=0.00,queue_time=1.00,ttft=1.01
80.0439692349828,completion,response_time=0.00,queue_time=1.01,ttft=1.02
80.11255586045931,completion,response_time=0.00,queue_time=1.01,ttft=1.02
80.60585210795651,completion,response_time=0.00,queue_time=1.00,ttft=1.01
80.88042056185968,completion,response_time=0.00,queue_time=1.00,ttft=1.01
81.2014404115665,completion,response_time=0.00,queue_time=1.00,ttft=1.01
82.29388061104218,completion,response_time=0.00,queue_time=1.01,ttft=1.02
83.35553037207822,completion,response_time=0.00,queue_time=1.01,ttft=1.02
85.90779077692578,completion,response_time=0.00,queue_time=1.00,ttft=1.01
87.53132336293648,completion,response_time=0.00,queue_time=1.00,ttft=1.01
88.29052616050242,completion,response_time=0.00,queue_time=1.00,ttft=1.01
88.56591161509947,completion,response_time=0.00,queue_time=1.01,ttft=1.02
88.86891846750825,completion,response_time=0.00,queue_time=1.01,ttft=1.02
89.5203283211139,completion,response_time=0.00,queue_time=1.01,ttft=1.02
90.77636599305988,completion,response_time=0.00,queue_time=1.00,ttft=1.01
91.09091202443729,completion,response_time=0.00,queue_time=1.01,ttft=1.02
91.14453094050552,completion,response_time=0.00,queue_time=1.01,ttft=1.02
91.17043735437319,completion,response_time=0.00,queue_time=1.01,ttft=1.02
91.66999868240471,completion,response_time=0.00,queue_time=1.01,ttft=1.02
92.23628830524123,completion,response_time=0.00,queue_time=1.00,ttft=1.01
92.91771675120107,completion,response_time=0.00,queue_time=1.00,ttft=1.01
93.03567836655117,completion,response_time=0.00,queue_time=1.00,ttft=1.01
93.63961611110315,completion,response_time=0.00,queue_time=1.00,ttft=1.01
94.57852715461819,completion,response_time=0.00,queue_time=1.00,ttft=1.01
96.47147305595632,completion,response_time=0.00,queue_time=1.01,ttft=1.02
96.94778013552116,completion,response_time=0.00,queue_time=1.00,ttft=1.01
96.94778013552116,completion,response_time=0.00,queue_time=1.01,ttft=1.02
98.76566569381373,completion,response_time=0.00,queue_time=1.00,ttft=1.01
98.77638947702738,completion,response_time=0.00,queue_time=1.01,ttft=1.02
99.0323011807214,completion,response_time=0.00,queue_time=1.01,ttft=1.02
99.18243414571243,completion,response_time=0.00,queue_time=1.01,ttft=1.02
100.21716230104703,completion,response_time=0.00,queue_time=1.00,ttft=1.01
100.34584769961077,completion,response_time=0.00,queue_time=1.01,ttft=1.02
101.35798933416872,completion,response_time=0.00,queue_time=1.00,ttft=1.01
101.48813744391646,completion,response_time=0.00,queue_time=1.00,ttft=1.01
101.77767959068488,completion,response_time=0.00,queue_time=1.00,ttft=1.01
101.93707362770556,completion,response_time=0.00,queue_time=1.00,ttft=1.01
102.27476909220815,completion,response_time=0.00,queue_time=1.00,ttft=1.01
103.2125131577482,completion,response_time=0.00,queue_time=1.01,ttft=1.02
103.24545135465839,completion,response_time=0.00,queue_time=1.01,ttft=1.02
103.24545135465839,completion,response_time=0.00,queue_time=1.01,ttft=1.02
103.26689901759305,completion,response_time=0.00,queue_time=1.01,ttft=1.02
103.74870473111473,completion,response_time=0.00,queue_time=1.01,ttft=1.02
103.92553326300681,completion,response_time=0.00,queue_time=1.01,ttft=1.02
104.4229391128108,completion,response_time=0.00,queue_time=1.01,ttft=1.02
105.66554884881182,completion,response_time=0.00,queue_time=1.01,ttft=1.02
106.89808904745011,completion,response_time=0.00,queue_time=1.01,ttft=1.02
106.91091076969475,completion,response_time=0.00,queue_time=1.01,ttft=1.02
107.10393886754036,completion,response_time=0.00,queue_time=1.01,ttft=1.02
107.45782530596227,completion,response_time=0.00,queue_time=1.00,ttft=1.01
108.08773533165902,completion,response_time=0.00,queue_time=1.01,ttft=1.02
108.98646148789796,completion,response_time=0.00,queue_time=1.01,ttft=1.02
109.32097040122822,completion,response_time=0.00,queue_time=1.01,ttft=1.02
110.13323048308641,completion,response_time=0.00,queue_time=1.01,ttft=1.02
110.22107895132255,completion,response_time=0.00,queue_time=1.01,ttft=1.02
110.32831726599586,completion,response_time=0.00,queue_time=1.01,ttft=1.02
110.96244094595315,completion,response_time=0.00,queue_time=1.00,ttft=1.01
111.7746722756948,completion,response_time=0.00,queue_time=1.01,ttft=1.02
112.0628375000084,completion,response_time=0.00,queue_time=1.00,ttft=1.01
113.14524518521318,completion,response_time=0.00,queue_time=1.00,ttft=1.01
113.93880514302293,completion,response_time=0.00,queue_time=1.01,ttft=1.02
114.08893878356555,completion,response_time=0.00,queue_time=1.01,ttft=1.02
114.21831468828778,completion,response_time=0.00,queue_time=1.01,ttft=1.02
114.43623938359191,completion,response_time=0.00,queue_time=1.01,ttft=1.02
114.57564856536929,completion,response_time=0.00,queue_time=1.01,ttft=1.02
115.97908797597444,completion,response_time=0.00,queue_time=1.01,ttft=1.02
116.1613922906064,completion,response_time=0.00,queue_time=1.01,ttft=1.02
116.5474502234303,completion,response_time=0.00,queue_time=1.01,ttft=1.02
116.7571272889954,completion,response_time=0.00,queue_time=1.01,ttft=1.02
118.44278427213196,completion,response_time=0.00,queue_time=1.01,ttft=1.02
118.87173560067777,completion,response_time=0.00,queue_time=1.00,ttft=1.01
118.911211098839,completion,response_time=0.00,queue_time=1.00,ttft=1.01
118.95410603867884,completion,response_time=0.00,queue_time=1.01,ttft=1.02
119.00045762172205,completion,response_time=0.00,queue_time=1.01,ttft=1.02
119.56881557459992,completion,response_time=0.00,queue_time=1.00,ttft=1.01
120.05728850645158,completion,response_time=0.00,queue_time=1.01,ttft=1.02
120.30806214565982,completion,response_time=0.00,queue_time=1.01,ttft=1.02
120.7899312167422,completion,response_time=0.00,queue_time=1.01,ttft=1.02
121.41123067601482,completion,response_time=0.00,queue_time=1.01,ttft=1.02
121.60081850171721,completion,response_time=0.00,queue_time=1.01,ttft=1.02
121.7115083363061,completion,response_time=0.00,queue_time=1.00,ttft=1.01
122.87555914992096,completion,response_time=0.00,queue_time=1.01,ttft=1.02
123.44391454535352,completion,response_time=0.00,queue_time=1.00,ttft=1.01
124.66985473613637,completion,response_time=0.00,queue_time=1.01,ttft=1.02
125.2662613862876,completion,response_time=0.00,queue_time=1.01,ttft=1.02
125.81249614708308,completion,response_time=0.00,queue_time=1.01,ttft=1.02
126.28366602770011,completion,response_time=0.00,queue_time=1.01,ttft=1.02
126.38496481093584,completion,response_time=0.00,queue_time=1.01,ttft=1.02
126.40162711225966,completion,response_time=0.00,queue_time=1.00,ttft=1.01
126.46002760056275,completion,response_time=0.00,queue_time=1.00,ttft=1.01
126.93781627294192,completion,response_time=0.00,queue_time=1.00,ttft=1.01
127.56387710566601,completion,response_time=0.00,queue_time=1.00,ttft=1.01
127.73614631860944,completion,response_time=0.00,queue_time=1.00,ttft=1.01
129.09666902161135,completion,response_time=0.00,queue_time=1.01,ttft=1.02
129.24681376494462,completion,response_time=0.00,queue_time=1.01,ttft=1.02
129.9223928979945,completion,response_time=0.00,queue_time=1.01,ttft=1.02
130.04036658120896,completion,response_time=0.00,queue_time=1.01,ttft=1.02
130.45243629627305,completion,response_time=0.00,queue_time=1.00,ttft=1.01
130.8492127044052,completion,response_time=0.00,queue_time=1.00,ttft=1.01
131.0691525247551,completion,response_time=0.00,queue_time=1.00,ttft=1.01
132.17688993294013,completion,response_time=0.00,queue_time=1.01,ttft=1.02
132.22590675240528,completion,response_time=0.00,queue_time=1.01,ttft=1.02
132.84175551700068,completion,response_time=0.00,queue_time=1.01,ttft=1.02
133.06235055170725,completion,response_time=0.00,queue_time=1.01,ttft=1.02
133.28754797253902,completion,response_time=0.00,queue_time=1.01,ttft=1.02
133.50133945482824,completion,response_time=0.00,queue_time=1.01,ttft=1.02
133.54491761157806,completion,response_time=0.00,queue_time=1.01,ttft=1.02
133.88125987037787,completion,response_time=0.00,queue_time=1.01,ttft=1.02
134.13794136245608,completion,response_time=0.00,queue_time=1.00,ttft=1.01
134.54408017048013,completion,response_time=0.00,queue_time=1.00,ttft=1.01
134.72568890123523,completion,response_time=0.00,queue_time=1.01,ttft=1.02
134.87581983957148,completion,response_time=0.00,queue_time=1.01,ttft=1.02
135.09714657673993,completion,response_time=0.00,queue_time=1.01,ttft=1.02
135.13249469336333,completion,response_time=0.00,queue_time=1.00,ttft=1.01
135.1742270534322,completion,response_time=0.00,queue_time=1.01,ttft=1.02
135.21761619620216,completion,response_time=0.00,queue_time=1.00,ttft=1.01
135.42889112032924,completion,response_time=0.00,queue_time=1.01,ttft=1.02
136.3109378442973,completion,response_time=0.00,queue_time=1.00,ttft=1.01
136.57952440789904,completion,response_time=0.00,queue_time=1.00,ttft=1.01
136.6438668176588,completion,response_time=0.00,queue_time=1.00,ttft=1.01
136.79399978264982,completion,response_time=0.00,queue_time=1.00,ttft=1.01
137.3055278495324,completion,response_time=0.00,queue_time=1.00,ttft=1.01
137.65072293337155,completion,response_time=0.00,queue_time=1.00,ttft=1.01
137.66944024746587,completion,response_time=0.00,queue_time=1.00,ttft=1.01
137.71233499429098,completion,response_time=0.00,queue_time=1.00,ttft=1.01
137.9181220544436,completion,response_time=0.00,queue_time=1.01,ttft=1.02
138.71030429479492,completion,response_time=0.00,queue_time=1.01,ttft=1.02
138.7933638324821,completion,response_time=0.00,queue_time=1.01,ttft=1.02
139.08425138482392,completion,response_time=0.00,queue_time=1.00,ttft=1.01
139.63115694590599,completion,response_time=0.00,queue_time=1.01,ttft=1.02
140.2638544615762,completion,response_time=0.00,queue_time=1.01,ttft=1.02
140.48700300361912,completion,response_time=0.00,queue_time=1.01,ttft=1.02
141.1304213107745,completion,response_time=0.00,queue_time=1.00,ttft=1.01
141.55936877902548,completion,response_time=0.00,queue_time=1.00,ttft=1.01
142.03121311726372,completion,response_time=0.00,queue_time=1.00,ttft=1.01
142.03439832912437,completion,response_time=0.00,queue_time=1.01,ttft=1.02
142.04512196757696,completion,response_time=0.00,queue_time=1.01,ttft=1.02
142.22629795924885,completion,response_time=0.00,queue_time=1.00,ttft=1.01
142.63492473642208,completion,response_time=0.00,queue_time=1.01,ttft=1.02
142.75288582098165,completion,response_time=0.00,queue_time=1.01,ttft=1.02
143.09469420473562,completion,response_time=0.00,queue_time=1.01,ttft=1.02
143.52114196321077,completion,response_time=0.00,queue_time=1.01,ttft=1.02
143.66236710249325,completion,response_time=0.00,queue_time=1.01,ttft=1.02
144.0459124479328,completion,response_time=0.00,queue_time=1.00,ttft=1.01
144.23024243500842,completion,response_time=0.00,queue_time=1.01,ttft=1.02
144.34550369181224,completion,response_time=0.00,queue_time=1.00,ttft=1.01
144.4116369391515,completion,response_time=0.00,queue_time=1.01,ttft=1.02
145.08270714870918,completion,response_time=0.00,queue_time=1.01,ttft=1.02
145.67496505995857,completion,response_time=0.00,queue_time=1.01,ttft=1.02
145.89632815482832,completion,response_time=0.00,queue_time=1.01,ttft=1.02
146.0181199463235,completion,response_time=0.00,queue_time=1.01,ttft=1.02
146.1912803707101,completion,response_time=0.00,queue_time=1.01,ttft=1.02
146.42178407457465,completion,response_time=0.00,queue_time=1.01,ttft=1.02
147.02772417001208,completion,response_time=0.00,queue_time=1.01,ttft=1.02
147.09048379158247,completion,response_time=0.00,queue_time=1.01,ttft=1.02
147.75151524269575,completion,response_time=0.00,queue_time=1.00,ttft=1.01
148.94726409043525,completion,response_time=0.00,queue_time=1.01,ttft=1.02
149.27969987419402,completion,response_time=0.00,queue_time=1.01,ttft=1.02
150.33908900318963,completion,response_time=0.00,queue_time=1.01,ttft=1.02
150.4807635941223,completion,response_time=0.00,queue_time=1.01,ttft=1.02
150.52365891999162,completion,response_time=0.00,queue_time=1.01,ttft=1.02
150.90744439862218,completion,response_time=0.00,queue_time=1.01,ttft=1.02
151.806171121761,completion,response_time=0.00,queue_time=1.01,ttft=1.02
152.11648346369705,completion,response_time=0.00,queue_time=1.00,ttft=1.01
152.16898499555285,completion,response_time=0.00,queue_time=1.00,ttft=1.01
153.6045708194447,completion,response_time=0.00,queue_time=1.00,ttft=1.01
153.81012615095958,completion,response_time=0.00,queue_time=1.01,ttft=1.02
153.86193814230683,completion,response_time=0.00,queue_time=1.01,ttft=1.02
153.8851916201277,completion,response_time=0.00,queue_time=1.01,ttft=1.02
154.48571807567907,completion,response_time=0.00,queue_time=1.01,ttft=1.02
154.82750433479166,completion,response_time=0.00,queue_time=1.00,ttft=1.01
154.99797428537758,completion,response_time=0.00,queue_time=1.00,ttft=1.01
155.4166114438317,completion,response_time=0.00,queue_time=1.01,ttft=1.02
155.68400987377586,completion,response_time=0.00,queue_time=1.01,ttft=1.02
156.05892610391174,completion,response_time=0.00,queue_time=1.01,ttft=1.02
156.13371730080848,completion,response_time=0.00,queue_time=1.01,ttft=1.02
156.27165845045602,completion,response_time=0.00,queue_time=1.01,ttft=1.02
157.51503480841592,completion,response_time=0.00,queue_time=1.01,ttft=1.02
157.7080594319962,completion,response_time=0.00,queue_time=1.01,ttft=1.02
158.1155576931946,completion,response_time=0.00,queue_time=1.01,ttft=1.02
159.34671374663415,completion,response_time=0.00,queue_time=1.01,ttft=1.02
159.35743733683304,completion,response_time=0.00,queue_time=1.01,ttft=1.02
159.87516247225548,completion,response_time=0.00,queue_time=1.00,ttft=1.01
160.12953930541948,completion,response_time=0.00,queue_time=1.01,ttft=1.02
160.51790691788324,completion,response_time=0.00,queue_time=1.01,ttft=1.02
160.61141025558095,completion,response_time=0.00,queue_time=1.01,ttft=1.02
161.70753747749745,completion,response_time=0.00,queue_time=1.01,ttft=1.02
161.85328224766727,completion,response_time=0.00,queue_time=1.01,ttft=1.02
162.35095578465283,completion,response_time=0.00,queue_time=1.01,ttft=1.02
162.4903637118344,completion,response_time=0.00,queue_time=1.00,ttft=1.01
162.71556214599354,completion,response_time=0.00,queue_time=1.01,ttft=1.02
162.79695818517084,completion,response_time=0.00,queue_time=1.01,ttft=1.02
163.15386807072602,completion,response_time=0.00,queue_time=1.01,ttft=1.02
163.4618237692314,completion,response_time=0.00,queue_time=1.01,ttft=1.02
163.7637707538765,completion,response_time=0.00,queue_time=1.01,ttft=1.02
164.21109856443246,completion,response_time=0.00,queue_time=1.01,ttft=1.02
164.33143400008112,completion,response_time=0.00,queue_time=1.01,ttft=1.02
165.6145093556254,completion,response_time=0.00,queue_time=1.00,ttft=1.01
165.97911142238814,completion,response_time=0.00,queue_time=1.00,ttft=1.01
166.02438795644127,completion,response_time=0.00,queue_time=1.01,ttft=1.02
166.51529334501762,completion,response_time=0.00,queue_time=1.01,ttft=1.02
166.62253021208036,completion,response_time=0.00,queue_time=1.01,ttft=1.02
166.92210595708056,completion,response_time=0.00,queue_time=1.00,ttft=1.01
167.03869885030326,completion,response_time=0.00,queue_time=1.01,ttft=1.02
168.16263645458153,completion,response_time=0.00,queue_time=1.00,ttft=1.01
168.3234903075651,completion,response_time=0.00,queue_time=1.01,ttft=1.02
169.2193338498259,completion,response_time=0.00,queue_time=1.01,ttft=1.02
169.95278643415205,completion,response_time=0.00,queue_time=1.00,ttft=1.01
170.0765290379756,completion,response_time=0.00,queue_time=1.00,ttft=1.01
170.3875145531007,completion,response_time=0.00,queue_time=1.01,ttft=1.02
170.39177073297412,completion,response_time=0.00,queue_time=1.00,ttft=1.01
170.4990071175,completion,response_time=0.00,queue_time=1.01,ttft=1.02
171.30905790602637,completion,response_time=0.00,queue_time=1.00,ttft=1.01
171.8545759070383,completion,response_time=0.00,queue_time=1.01,ttft=1.02
172.1655614221634,completion,response_time=0.00,queue_time=1.01,ttft=1.02
172.2084561689885,completion,response_time=0.00,queue_time=1.01,ttft=1.02
172.24557270512074,completion,response_time=0.00,queue_time=1.01,ttft=1.02
172.2884672589311,completion,response_time=0.00,queue_time=1.01,ttft=1.02
173.89001013552965,completion,response_time=0.00,queue_time=1.01,ttft=1.02
174.08303562767625,completion,response_time=0.00,queue_time=1.00,ttft=1.01
174.31316828053386,completion,response_time=0.00,queue_time=1.01,ttft=1.02
174.42619360227704,completion,response_time=0.00,queue_time=1.00,ttft=1.01
175.1710554964462,completion,response_time=0.00,queue_time=1.01,ttft=1.02
175.54568840443955,completion,response_time=0.00,queue_time=1.00,ttft=1.01
176.04339940204068,completion,response_time=0.00,queue_time=1.01,ttft=1.02
176.29566712629642,completion,response_time=0.00,queue_time=1.01,ttft=1.02
176.63812971739765,completion,response_time=0.00,queue_time=1.01,ttft=1.02
177.85923391795686,completion,response_time=0.00,queue_time=1.01,ttft=1.02
179.0488590102462,completion,response_time=0.00,queue_time=1.00,ttft=1.01
179.1024769612407,completion,response_time=0.00,queue_time=1.00,ttft=1.01
179.61367123912586,completion,response_time=0.00,queue_time=1.01,ttft=1.02
179.67082979922796,completion,response_time=0.00,queue_time=1.01,ttft=1.02
180.36648088515147,completion,response_time=0.00,queue_time=1.01,ttft=1.02
180.56807506140632,completion,response_time=0.00,queue_time=1.00,ttft=1.01
180.58095365420326,completion,response_time=0.00,queue_time=1.00,ttft=1.01
180.63387965409038,completion,response_time=0.00,queue_time=1.01,ttft=1.02
180.62315620865255,completion,response_time=0.00,queue_time=1.01,ttft=1.02
180.6868153543615,completion,response_time=0.00,queue_time=1.01,ttft=1.02
181.40452262449574,completion,response_time=0.00,queue_time=1.01,ttft=1.02
182.44263671743903,completion,response_time=0.00,queue_time=1.00,ttft=1.01
182.51770218660715,completion,response_time=0.00,queue_time=1.01,ttft=1.02
183.00037269378666,completion,response_time=0.00,queue_time=1.01,ttft=1.02
183.06391697849477,completion,response_time=0.00,queue_time=1.01,ttft=1.02
183.26118313839612,completion,response_time=0.00,queue_time=1.01,ttft=1.02
183.41779863980184,completion,response_time=0.00,queue_time=1.01,ttft=1.02
183.9046014455515,completion,response_time=0.00,queue_time=1.01,ttft=1.02
184.04915246096834,completion,response_time=0.00,queue_time=1.01,ttft=1.02
184.21213838626284,completion,response_time=0.00,queue_time=1.01,ttft=1.02
184.56877416411518,completion,response_time=0.00,queue_time=1.00,ttft=1.01
184.69745782554625,completion,response_time=0.00,queue_time=1.01,ttft=1.01
185.7677717502308,completion,response_time=0.00,queue_time=1.00,ttft=1.01
186.35547043235366,completion,response_time=0.00,queue_time=1.01,ttft=1.02
186.36829280136942,completion,response_time=0.00,queue_time=1.01,ttft=1.02
186.5505954753761,completion,response_time=0.00,queue_time=1.01,ttft=1.02
187.09257291897555,completion,response_time=0.00,queue_time=1.00,ttft=1.01
187.3112850013322,completion,response_time=0.00,queue_time=1.01,ttft=1.02
187.44577268017485,completion,response_time=0.00,queue_time=1.00,ttft=1.01
187.52507678207073,completion,response_time=0.00,queue_time=1.01,ttft=1.02
187.542284991965,completion,response_time=0.00,queue_time=1.00,ttft=1.01
187.66024501494348,completion,response_time=0.00,queue_time=1.01,ttft=1.02
187.7281342684941,completion,response_time=0.00,queue_time=1.00,ttft=1.01
188.11414713857835,completion,response_time=0.00,queue_time=1.01,ttft=1.02
188.53890850872375,completion,response_time=0.00,queue_time=1.00,ttft=1.01
188.53821798875484,completion,response_time=0.00,queue_time=1.01,ttft=1.02
188.62400748240503,completion,response_time=0.00,queue_time=1.01,ttft=1.02
188.74620248263784,completion,response_time=0.00,queue_time=1.01,ttft=1.02
189.94371146724575,completion,response_time=0.00,queue_time=1.01,ttft=1.02
190.41838260741136,completion,response_time=0.00,queue_time=1.00,ttft=1.01
190.62213082119055,completion,response_time=0.00,queue_time=1.00,ttft=1.01
190.63002123997563,completion,response_time=0.00,queue_time=1.01,ttft=1.02
191.02679586272146,completion,response_time=0.00,queue_time=1.01,ttft=1.02
191.02893793157017,completion,response_time=0.00,queue_time=1.00,ttft=1.01
191.18765116331556,completion,response_time=0.00,queue_time=1.01,ttft=1.02
191.1891004073659,completion,response_time=0.00,queue_time=1.01,ttft=1.02
191.36137072360043,completion,response_time=0.00,queue_time=1.01,ttft=1.02
191.5702489951626,completion,response_time=0.00,queue_time=1.01,ttft=1.02
191.68752749051257,completion,response_time=0.00,queue_time=1.00,ttft=1.01
191.7460550917566,completion,response_time=0.00,queue_time=1.00,ttft=1.01
191.94980513917582,completion,response_time=0.00,queue_time=1.01,ttft=1.02
192.2936401381122,completion,response_time=0.00,queue_time=1.00,ttft=1.01
192.66131714586396,completion,response_time=0.00,queue_time=1.00,ttft=1.01
192.81772517398423,completion,response_time=0.00,queue_time=1.01,ttft=1.02
193.65349667208375,completion,response_time=0.00,queue_time=1.01,ttft=1.02
193.7385951674905,completion,response_time=0.00,queue_time=1.01,ttft=1.02
194.22246815698423,completion,response_time=0.00,queue_time=1.01,ttft=1.02
194.32970405897328,completion,response_time=0.00,queue_time=1.01,ttft=1.02
194.58953112220513,completion,response_time=0.00,queue_time=1.00,ttft=1.01
194.77877180015517,completion,response_time=0.00,queue_time=1.01,ttft=1.02
194.7812009370943,completion,response_time=0.00,queue_time=1.00,ttft=1.01
195.47713337340036,completion,response_time=0.00,queue_time=1.00,ttft=1.01
195.85114243667465,completion,response_time=0.00,queue_time=1.01,ttft=1.02
196.6446174222963,completion,response_time=0.00,queue_time=1.01,ttft=1.02
196.78339957727366,completion,response_time=0.00,queue_time=1.96,ttft=1.97
196.80484675767147,completion,response_time=0.00,queue_time=1.01,ttft=1.02
197.00790130525888,completion,response_time=0.00,queue_time=1.01,ttft=1.02
197.46140812136602,completion,response_time=0.00,queue_time=1.00,ttft=1.01
197.46902737266674,completion,response_time=0.00,queue_time=1.01,ttft=1.02
197.64370997506003,completion,response_time=0.00,queue_time=1.00,ttft=1.01
197.6942141662246,completion,response_time=0.00,queue_time=1.00,ttft=1.01
197.76861037145392,completion,response_time=0.00,queue_time=1.01,ttft=1.02
197.80145103328735,completion,response_time=0.00,queue_time=1.00,ttft=1.01
197.8885538853692,completion,response_time=0.00,queue_time=1.00,ttft=1.01
197.94217256016898,completion,response_time=0.00,queue_time=1.00,ttft=1.01
198.84964258489168,completion,response_time=0.00,queue_time=1.01,ttft=1.02
199.03259045628354,completion,response_time=0.00,queue_time=1.01,ttft=1.02
199.08068399370086,completion,response_time=0.00,queue_time=1.01,ttft=1.02
199.5525240856148,completion,response_time=0.00,queue_time=1.01,ttft=1.02
199.57397145902735,completion,response_time=0.00,queue_time=1.01,ttft=1.02
199.61166432702439,completion,response_time=0.00,queue_time=1.01,ttft=1.02
199.7296259423745,completion,response_time=0.00,queue_time=1.01,ttft=1.02
200.1914794124328,completion,response_time=0.00,queue_time=1.01,ttft=1.02
200.46821649205756,completion,response_time=0.00,queue_time=1.01,ttft=1.02
200.48828855407336,completion,response_time=0.00,queue_time=1.00,ttft=1.01
200.58550832339563,completion,response_time=0.00,queue_time=1.01,ttft=1.02
201.39842580519536,completion,response_time=0.00,queue_time=1.01,ttft=1.02
201.41987308210054,completion,response_time=0.00,queue_time=1.01,ttft=1.02
201.7530095132763,completion,response_time=0.00,queue_time=1.01,ttft=1.02
201.88580666385968,completion,response_time=0.00,queue_time=1.01,ttft=1.02
201.9353105466577,completion,response_time=0.00,queue_time=1.01,ttft=1.02
202.01449032529075,completion,response_time=0.00,queue_time=1.00,ttft=1.01
202.37219601907452,completion,response_time=0.00,queue_time=1.00,ttft=1.01
202.58147243526187,completion,response_time=0.00,queue_time=1.01,ttft=1.02
203.20070557799812,completion,response_time=0.00,queue_time=1.00,ttft=1.01
204.23084603950144,completion,response_time=0.00,queue_time=1.00,ttft=1.01
204.34880500089886,completion,response_time=0.00,queue_time=1.00,ttft=1.00
204.4297408676434,completion,response_time=0.00,queue_time=1.00,ttft=1.01
204.5176132755689,completion,response_time=0.00,queue_time=1.01,ttft=1.02
204.69991430895027,completion,response_time=0.00,queue_time=1.01,ttft=1.02
204.84209015004845,completion,response_time=0.00,queue_time=1.00,ttft=1.01
204.99808859074002,completion,response_time=0.00,queue_time=1.01,ttft=1.02
205.07595540395795,completion,response_time=0.00,queue_time=1.01,ttft=1.02
205.26826714693752,completion,response_time=0.00,queue_time=1.00,ttft=1.01
205.62077179634682,completion,response_time=0.00,queue_time=1.00,ttft=1.01
205.88747753549848,completion,response_time=0.00,queue_time=1.01,ttft=1.02
205.90373035685482,completion,response_time=0.00,queue_time=1.01,ttft=1.02
205.9359012722126,completion,response_time=0.00,queue_time=1.01,ttft=1.02
206.22202034533666,completion,response_time=0.00,queue_time=1.01,ttft=1.02
206.43506260938085,completion,response_time=0.00,queue_time=1.00,ttft=1.01
206.56720799947817,completion,response_time=0.00,queue_time=1.01,ttft=1.02
207.69045937973826,completion,response_time=0.00,queue_time=1.01,ttft=1.02
207.7340250248261,completion,response_time=0.00,queue_time=1.01,ttft=1.02
207.77276194539692,completion,response_time=0.00,queue_time=1.00,ttft=1.01
207.85131250891655,completion,response_time=0.00,queue_time=1.01,ttft=1.02
207.86062701077495,completion,response_time=0.00,queue_time=1.01,ttft=1.02
207.86203614736914,completion,response_time=0.00,queue_time=1.00,ttft=1.01
207.9893100931618,completion,response_time=0.00,queue_time=1.00,ttft=1.01
208.05365192387734,completion,response_time=0.00,queue_time=1.00,ttft=1.01
208.12007427198665,completion,response_time=0.00,queue_time=1.00,ttft=1.01
208.17369294678645,completion,response_time=0.00,queue_time=1.01,ttft=1.02
208.75932780435707,completion,response_time=0.00,queue_time=1.00,ttft=1.01
208.79499689081504,completion,response_time=0.00,queue_time=1.01,ttft=1.02
209.14820948628025,completion,response_time=0.00,queue_time=1.00,ttft=1.01
209.2398161283458,completion,response_time=0.00,queue_time=1.01,ttft=1.02
209.44773119569305,completion,response_time=0.00,queue_time=1.01,ttft=1.02
209.95037600913568,completion,response_time=0.00,queue_time=1.01,ttft=1.02
210.02685009466302,completion,response_time=0.00,queue_time=1.01,ttft=1.02
210.2513321984036,completion,response_time=0.00,queue_time=1.01,ttft=1.02
210.30145633515218,completion,response_time=0.00,queue_time=1.01,ttft=1.02
210.3786363246255,completion,response_time=0.00,queue_time=1.01,ttft=1.02
210.3800400992244,completion,response_time=0.00,queue_time=1.00,ttft=1.01
210.38936001133177,completion,response_time=0.00,queue_time=1.00,ttft=1.01
210.40148747263694,completion,response_time=0.00,queue_time=1.00,ttft=1.01
211.27804842002087,completion,response_time=0.00,queue_time=1.01,ttft=1.02
211.4845506204514,completion,response_time=0.00,queue_time=1.01,ttft=1.02
211.79140920378362,completion,response_time=0.00,queue_time=1.00,ttft=1.01
211.84502739604656,completion,response_time=0.00,queue_time=1.01,ttft=1.02
212.11724244218675,completion,response_time=0.00,queue_time=1.01,ttft=1.02
212.44696241688632,completion,response_time=0.00,queue_time=1.01,ttft=1.02
212.57486768710115,completion,response_time=0.00,queue_time=1.01,ttft=1.02
213.0823699029198,completion,response_time=0.00,queue_time=1.01,ttft=1.02
213.11036446160213,completion,response_time=0.00,queue_time=1.00,ttft=1.01
213.11036446160213,completion,response_time=0.00,queue_time=1.01,ttft=1.02
213.33973722578193,completion,response_time=0.00,queue_time=1.01,ttft=1.02
214.09557491058496,completion,response_time=0.00,queue_time=1.01,ttft=1.02
214.16340392548955,completion,response_time=0.00,queue_time=1.01,ttft=1.02
214.79541023508904,completion,response_time=0.00,queue_time=1.01,ttft=1.02
215.0078189067813,completion,response_time=0.00,queue_time=1.00,ttft=1.01
215.11224716512064,completion,response_time=0.00,queue_time=1.01,ttft=1.02
215.27661016693878,completion,response_time=0.00,queue_time=1.01,ttft=1.02
215.6841084281372,completion,response_time=0.00,queue_time=1.00,ttft=1.01
215.76919424518667,completion,response_time=0.00,queue_time=1.01,ttft=1.02
215.9428343863718,completion,response_time=0.00,queue_time=1.01,ttft=1.02
216.1881098848257,completion,response_time=0.00,queue_time=1.01,ttft=1.02
216.36972891159368,completion,response_time=0.00,queue_time=1.00,ttft=1.01
216.86303252628724,completion,response_time=0.00,queue_time=1.01,ttft=1.02
217.0760997767321,completion,response_time=0.00,queue_time=1.01,ttft=1.02
217.63303147281098,completion,response_time=0.00,queue_time=1.01,ttft=1.02
217.67734759072655,completion,response_time=0.00,queue_time=1.01,ttft=1.02
218.21210534355183,completion,response_time=0.00,queue_time=1.00,ttft=1.01
218.22282893375072,completion,response_time=0.00,queue_time=1.01,ttft=1.02
218.41442051243536,completion,response_time=0.00,queue_time=1.01,ttft=1.01
218.4379964614606,completion,response_time=0.00,queue_time=1.01,ttft=1.02
218.7790225791981,completion,response_time=0.00,queue_time=1.01,ttft=1.02
218.86624736549615,completion,response_time=0.00,queue_time=1.00,ttft=1.01
219.26164131301894,completion,response_time=0.00,queue_time=1.01,ttft=1.02
219.49758611108604,completion,response_time=0.00,queue_time=1.01,ttft=1.02
219.50830970128493,completion,response_time=0.00,queue_time=1.01,ttft=1.02
219.59409880890564,completion,response_time=0.00,queue_time=1.00,ttft=1.01
219.92516935467816,completion,response_time=0.00,queue_time=1.01,ttft=1.02
219.96934644743556,completion,response_time=0.00,queue_time=1.00,ttft=1.01
219.99225029829663,completion,response_time=0.00,queue_time=1.01,ttft=1.02
220.00023482384628,completion,response_time=0.00,queue_time=1.01,ttft=1.02
220.1745529723033,completion,response_time=0.00,queue_time=1.01,ttft=1.02
220.58068095106492,completion,response_time=0.00,queue_time=1.01,ttft=1.02
220.74075163679746,completion,response_time=0.00,queue_time=1.01,ttft=1.02
220.7615531414331,completion,response_time=0.00,queue_time=1.01,ttft=1.02
220.79372405679086,completion,response_time=0.00,queue_time=1.01,ttft=1.02
221.4693865133608,completion,response_time=0.00,queue_time=1.01,ttft=1.02
221.58588504583324,completion,response_time=0.00,queue_time=1.01,ttft=1.02
221.81117276119625,completion,response_time=0.00,queue_time=1.01,ttft=1.02
221.97202589037454,completion,response_time=0.00,queue_time=1.00,ttft=1.01
222.1314093993649,completion,response_time=0.00,queue_time=1.01,ttft=1.02
222.30445718654056,completion,response_time=0.00,queue_time=1.01,ttft=1.02
222.56180220402555,completion,response_time=0.00,queue_time=1.01,ttft=1.02
222.63541813871342,completion,response_time=0.00,queue_time=1.01,ttft=1.02
222.78895736478816,completion,response_time=0.00,queue_time=1.01,ttft=1.02
223.12948936792262,completion,response_time=0.00,queue_time=1.01,ttft=1.02
223.30039372163642,completion,response_time=0.00,queue_time=1.01,ttft=1.02
223.4297204027205,completion,response_time=0.00,queue_time=1.01,ttft=1.02
223.45041466111022,completion,response_time=0.00,queue_time=1.01,ttft=1.02
223.62199287635164,completion,response_time=0.00,queue_time=1.01,ttft=1.02
223.6649595810248,completion,response_time=0.00,queue_time=1.01,ttft=1.02
223.85992965376494,completion,response_time=0.00,queue_time=1.01,ttft=1.02
223.95373272258033,completion,response_time=0.00,queue_time=1.00,ttft=1.01
224.15760652605007,completion,response_time=0.00,queue_time=1.01,ttft=1.02
224.32104818213475,completion,response_time=0.00,queue_time=1.01,ttft=1.02
224.48853722910724,completion,response_time=0.00,queue_time=1.01,ttft=1.02
224.75808910965262,completion,response_time=0.00,queue_time=1.01,ttft=1.02
224.97119431184825,completion,response_time=0.00,queue_time=1.01,ttft=1.02
224.9933542316618,completion,response_time=0.00,queue_time=1.01,ttft=1.02
225.0126187474286,completion,response_time=0.00,queue_time=1.01,ttft=1.02
225.2178751547202,completion,response_time=0.00,queue_time=1.01,ttft=1.02
225.49926253678638,completion,response_time=0.00,queue_time=1.01,ttft=1.02
225.66822767477703,completion,response_time=0.00,queue_time=1.01,ttft=1.02
225.67748351117652,completion,response_time=0.00,queue_time=1.01,ttft=1.02
225.81024805191146,completion,response_time=0.00,queue_time=1.01,ttft=1.02
225.86386648544283,completion,response_time=0.00,queue_time=1.01,ttft=1.02
225.96632850767895,completion,response_time=0.00,queue_time=1.01,ttft=1.02
226.71775453230399,completion,response_time=0.00,queue_time=1.01,ttft=1.02
226.76466022207947,completion,response_time=0.00,queue_time=1.00,ttft=1.01
226.8504489436707,completion,response_time=0.00,queue_time=1.00,ttft=1.01
227.26398552297132,completion,response_time=0.00,queue_time=1.00,ttft=1.01
227.54999641973276,completion,response_time=0.00,queue_time=1.01,ttft=1.02
227.63931117993297,completion,response_time=0.00,queue_time=1.01,ttft=1.01
228.0633649085288,completion,response_time=0.00,queue_time=1.01,ttft=1.02
228.0883336755531,completion,response_time=0.00,queue_time=1.01,ttft=1.02
228.6058512246276,completion,response_time=0.00,queue_time=1.01,ttft=1.02
228.90263093030367,completion,response_time=0.00,queue_time=1.01,ttft=1.02
228.90263093030367,completion,response_time=0.00,queue_time=1.01,ttft=1.02
229.1671981722421,completion,response_time=0.00,queue_time=1.01,ttft=1.02
229.3665304776849,completion,response_time=0.00,queue_time=1.01,ttft=1.02
229.8591221594012,completion,response_time=0.00,queue_time=1.00,ttft=1.01
229.9917799964827,completion,response_time=0.00,queue_time=1.01,ttft=1.02
230.02439229087088,completion,response_time=0.00,queue_time=1.01,ttft=1.02
230.17452322920713,completion,response_time=0.00,queue_time=1.58,ttft=1.59
230.41000001423998,completion,response_time=0.00,queue_time=1.01,ttft=1.02
230.58763041708747,completion,response_time=0.00,queue_time=1.01,ttft=1.02
231.0352302049805,completion,response_time=0.00,queue_time=1.00,ttft=1.01
231.37417938534162,completion,response_time=0.00,queue_time=1.00,ttft=1.01
231.37417938534162,completion,response_time=0.00,queue_time=1.00,ttft=1.01
231.53061111979275,completion,response_time=0.00,queue_time=1.00,ttft=1.01
231.59495266098617,completion,response_time=0.00,queue_time=1.01,ttft=1.02
232.00642967573108,completion,response_time=0.00,queue_time=1.00,ttft=1.01
232.02763888158114,completion,response_time=0.00,queue_time=1.01,ttft=1.02
232.04840572511682,completion,response_time=0.00,queue_time=1.01,ttft=1.02
232.06611587620114,completion,response_time=0.00,queue_time=1.01,ttft=1.02
232.49293949934102,completion,response_time=0.00,queue_time=1.01,ttft=1.02
232.79465140506193,completion,response_time=0.00,queue_time=1.01,ttft=1.02
232.8834822207932,completion,response_time=0.00,queue_time=1.00,ttft=1.01
233.05990388957028,completion,response_time=0.00,queue_time=1.00,ttft=1.01
233.11871341724293,completion,response_time=0.00,queue_time=1.00,ttft=1.01
233.429698932368,completion,response_time=0.00,queue_time=1.01,ttft=1.02
233.7590910864991,completion,response_time=0.00,queue_time=1.00,ttft=1.01
234.1308851553738,completion,response_time=0.00,queue_time=1.01,ttft=1.02
234.2731514783256,completion,response_time=0.00,queue_time=1.00,ttft=1.01
234.3656301353008,completion,response_time=0.00,queue_time=1.01,ttft=1.02
234.53720757848325,completion,response_time=0.00,queue_time=1.01,ttft=1.02
235.23758745838398,completion,response_time=0.00,queue_time=1.00,ttft=1.01
235.26137357681264,completion,response_time=0.00,queue_time=1.01,ttft=1.02
235.73686394402327,completion,response_time=0.00,queue_time=1.00,ttft=1.01
235.7797583048189,completion,response_time=0.00,queue_time=1.00,ttft=1.01
236.20052875080106,completion,response_time=0.00,queue_time=1.00,ttft=1.00
236.28712262855657,completion,response_time=0.00,queue_time=1.00,ttft=1.01
236.4471702155411,completion,response_time=0.00,queue_time=1.00,ttft=1.01
236.52304161293247,completion,response_time=0.00,queue_time=1.01,ttft=1.02
236.61955479328896,completion,response_time=0.00,queue_time=1.01,ttft=1.02
237.2659838613499,completion,response_time=0.00,queue_time=1.00,ttft=1.01
237.34401258603648,completion,response_time=0.00,queue_time=1.01,ttft=1.02
237.36940312246378,completion,response_time=0.00,queue_time=1.00,ttft=1.01
237.46398395237748,completion,response_time=0.00,queue_time=1.01,ttft=1.02
238.0273587654721,completion,response_time=0.00,queue_time=1.01,ttft=1.02
238.3774206011608,completion,response_time=0.00,queue_time=1.00,ttft=1.00
238.3881441913597,completion,response_time=0.00,queue_time=1.01,ttft=1.02
238.53758431665295,completion,response_time=0.00,queue_time=1.01,ttft=1.02
238.76589962794696,completion,response_time=0.00,queue_time=1.00,ttft=1.01
238.93042369085722,completion,response_time=0.00,queue_time=1.00,ttft=1.01
238.98037143192505,completion,response_time=0.00,queue_time=1.00,ttft=1.01
239.3177972028471,completion,response_time=0.00,queue_time=1.00,ttft=1.01
239.61670527923593,completion,response_time=0.00,queue_time=1.00,ttft=1.01
239.66286882396486,completion,response_time=0.00,queue_time=1.07,ttft=1.08
239.81475496668162,completion,response_time=0.00,queue_time=1.01,ttft=1.02
239.86837291767614,completion,response_time=0.00,queue_time=1.00,ttft=1.01
240.49967732494213,completion,response_time=0.00,queue_time=1.01,ttft=1.02
240.59443545325672,completion,response_time=0.00,queue_time=1.01,ttft=1.02
240.73199495089227,completion,response_time=0.00,queue_time=1.01,ttft=1.02
240.98799880792535,completion,response_time=0.00,queue_time=1.00,ttft=1.01
241.11800790708253,completion,response_time=0.00,queue_time=1.00,ttft=1.01
241.14133855340083,completion,response_time=0.00,queue_time=1.00,ttft=1.01
241.86663638103315,completion,response_time=0.00,queue_time=1.00,ttft=1.01
241.8880834649236,completion,response_time=0.00,queue_time=1.01,ttft=1.02
242.19330423275045,completion,response_time=0.00,queue_time=1.00,ttft=1.01
242.19698780960448,completion,response_time=0.00,queue_time=1.00,ttft=1.01
242.5435517555669,completion,response_time=0.00,queue_time=1.01,ttft=1.02
242.81526686685942,completion,response_time=0.00,queue_time=1.00,ttft=1.01
243.1212604591609,completion,response_time=0.00,queue_time=1.02,ttft=1.03
243.1674052233943,completion,response_time=0.00,queue_time=1.00,ttft=1.01
243.9505882384021,completion,response_time=0.00,queue_time=1.01,ttft=1.02
244.20229015336045,completion,response_time=0.00,queue_time=1.01,ttft=1.02
244.35635709813755,completion,response_time=0.00,queue_time=1.00,ttft=1.01
244.373866052425,completion,response_time=0.00,queue_time=1.00,ttft=1.01
244.42106941940412,completion,response_time=0.00,queue_time=1.01,ttft=1.02
244.52605077521736,completion,response_time=0.00,queue_time=1.95,ttft=1.96
244.6452071553507,completion,response_time=0.00,queue_time=1.00,ttft=1.01
244.71060635477454,completion,response_time=0.00,queue_time=1.01,ttft=1.02
244.8778725238503,completion,response_time=0.00,queue_time=1.00,ttft=1.01
245.21286624665794,completion,response_time=0.00,queue_time=1.50,ttft=1.51
245.21461736204625,completion,response_time=0.00,queue_time=1.00,ttft=1.01
245.4695408243648,completion,response_time=0.00,queue_time=1.54,ttft=1.55
245.56711146825515,completion,response_time=0.00,queue_time=1.00,ttft=1.01
245.65290057587586,completion,response_time=0.00,queue_time=1.00,ttft=1.01
245.91855239080238,completion,response_time=0.00,queue_time=1.01,ttft=1.02
245.93882215746132,completion,response_time=0.00,queue_time=1.01,ttft=1.02
246.37712830388438,completion,response_time=0.00,queue_time=1.00,ttft=1.01
246.3807504492605,completion,response_time=0.00,queue_time=1.01,ttft=1.02
246.45406098132676,completion,response_time=0.00,queue_time=1.01,ttft=1.02
246.55942933726575,completion,response_time=0.00,queue_time=1.00,ttft=1.01
247.48576167011493,completion,response_time=0.00,queue_time=1.01,ttft=1.02
247.7205266186125,completion,response_time=0.00,queue_time=1.00,ttft=1.01
247.7401974881034,completion,response_time=0.00,queue_time=1.00,ttft=1.01
247.78486787028382,completion,response_time=0.00,queue_time=1.01,ttft=1.02
247.87065659187505,completion,response_time=0.00,queue_time=1.01,ttft=1.02
248.03151116866388,completion,response_time=0.00,queue_time=1.01,ttft=1.02
248.40730917288099,completion,response_time=0.00,queue_time=1.01,ttft=1.02
248.79110932759602,completion,response_time=0.00,queue_time=1.55,ttft=1.56
249.0585077040952,completion,response_time=0.00,queue_time=1.01,ttft=1.02
249.08811487436753,completion,response_time=0.00,queue_time=1.00,ttft=1.01
249.38201020780303,completion,response_time=0.00,queue_time=1.00,ttft=1.01
249.6590666436993,completion,response_time=0.00,queue_time=1.01,ttft=1.02
249.94968232923938,completion,response_time=0.00,queue_time=1.01,ttft=1.02
250.40899674416144,completion,response_time=0.00,queue_time=1.01,ttft=1.02
250.67713382325675,completion,response_time=0.00,queue_time=1.01,ttft=1.02
250.79509437702578,completion,response_time=0.00,queue_time=1.00,ttft=1.01
250.99170603995506,completion,response_time=0.00,queue_time=1.01,ttft=1.02
251.00242972666135,completion,response_time=0.00,queue_time=1.01,ttft=1.02
251.17082303718385,completion,response_time=0.00,queue_time=1.00,ttft=1.01
251.17082303718385,completion,response_time=0.00,queue_time=1.01,ttft=1.02
251.28770690143102,completion,response_time=0.00,queue_time=1.00,ttft=1.01
251.4270508785024,completion,response_time=0.00,queue_time=1.00,ttft=1.01
251.81123749561957,completion,response_time=0.00,queue_time=1.01,ttft=1.02
251.8893128934717,completion,response_time=0.00,queue_time=1.00,ttft=1.01
253.07663822089484,completion,response_time=0.00,queue_time=1.01,ttft=1.02
253.14647531926053,completion,response_time=0.00,queue_time=1.01,ttft=1.02
253.1679225961657,completion,response_time=0.00,queue_time=1.01,ttft=1.02
253.29136950827262,completion,response_time=0.00,queue_time=1.01,ttft=1.02
253.46324696729485,completion,response_time=0.00,queue_time=1.01,ttft=1.02
253.67193587136063,completion,response_time=0.00,queue_time=1.01,ttft=1.02
253.79538278346755,completion,response_time=0.00,queue_time=1.01,ttft=1.02
254.2765701625666,completion,response_time=0.00,queue_time=1.01,ttft=1.01
254.40614494921326,completion,response_time=0.00,queue_time=1.01,ttft=1.02
254.55470511167923,completion,response_time=0.00,queue_time=1.01,ttft=1.02
254.7965350343567,completion,response_time=0.00,queue_time=1.00,ttft=1.01
254.98453207727005,completion,response_time=0.00,queue_time=1.00,ttft=1.01
254.99604787073105,completion,response_time=0.00,queue_time=1.01,ttft=1.02
255.4035479655695,completion,response_time=0.00,queue_time=1.00,ttft=1.01
255.42282207132345,completion,response_time=0.00,queue_time=1.01,ttft=1.02
255.444269444736,completion,response_time=0.00,queue_time=1.01,ttft=1.02
255.50841602801697,completion,response_time=0.00,queue_time=1.00,ttft=1.01
255.56794753781955,completion,response_time=0.00,queue_time=1.00,ttft=1.01
255.7395272971789,completion,response_time=0.00,queue_time=1.01,ttft=1.02
256.1427893279824,completion,response_time=0.00,queue_time=1.01,ttft=1.02
256.35944472037033,completion,response_time=0.00,queue_time=1.01,ttft=1.02
256.4331370565553,completion,response_time=0.00,queue_time=1.00,ttft=1.01
256.6774939467481,completion,response_time=0.00,queue_time=1.01,ttft=1.02
256.84887686630134,completion,response_time=0.00,queue_time=1.01,ttft=1.02
256.9561137333641,completion,response_time=0.00,queue_time=1.01,ttft=1.02
257.0628556316223,completion,response_time=0.00,queue_time=1.01,ttft=1.02
257.2022635588039,completion,response_time=0.00,queue_time=1.00,ttft=1.01
257.2137689555268,completion,response_time=0.00,queue_time=1.01,ttft=1.02
257.27026630523596,completion,response_time=0.00,queue_time=1.00,ttft=1.01
257.45052345365406,completion,response_time=0.00,queue_time=1.01,ttft=1.02
258.0492370672787,completion,response_time=0.00,queue_time=1.01,ttft=1.02
258.1789007590915,completion,response_time=0.00,queue_time=1.01,ttft=1.02
258.2094205131619,completion,response_time=0.00,queue_time=1.00,ttft=1.01
258.3910287477183,completion,response_time=0.00,queue_time=1.01,ttft=1.02
258.5207155103592,completion,response_time=0.00,queue_time=1.01,ttft=1.02
258.6601234375408,completion,response_time=0.00,queue_time=1.01,ttft=1.02
258.74591331722047,completion,response_time=0.00,queue_time=1.00,ttft=1.01
260.07642154023523,completion,response_time=0.00,queue_time=1.01,ttft=1.02
260.14077453284625,completion,response_time=0.00,queue_time=1.01,ttft=1.02
260.2265518030199,completion,response_time=0.00,queue_time=1.01,ttft=1.02
260.41958913261357,completion,response_time=0.00,queue_time=1.01,ttft=1.02
261.447687061797,completion,response_time=0.00,queue_time=1.00,ttft=1.01
261.45623824718206,completion,response_time=0.00,queue_time=1.01,ttft=1.02
261.55492296378605,completion,response_time=0.00,queue_time=1.01,ttft=1.02
261.608529262334,completion,response_time=0.00,queue_time=1.01,ttft=1.02
261.63854010087607,completion,response_time=0.00,queue_time=1.01,ttft=1.02
261.71396988344145,completion,response_time=0.00,queue_time=1.01,ttft=1.02
261.74793656221766,completion,response_time=0.00,queue_time=1.01,ttft=1.02
261.8319304372105,completion,response_time=0.00,queue_time=1.01,ttft=1.02
262.23169525502516,completion,response_time=0.00,queue_time=1.01,ttft=1.02
262.71023818488584,completion,response_time=0.00,queue_time=1.01,ttft=1.02
262.9454644531278,completion,response_time=0.00,queue_time=1.01,ttft=1.02
263.00980657336544,completion,response_time=0.00,queue_time=1.00,ttft=1.01
263.24925945661204,completion,response_time=0.00,queue_time=1.00,ttft=1.01
263.4055574411087,completion,response_time=0.00,queue_time=1.01,ttft=1.02
263.42083767185346,completion,response_time=0.00,queue_time=1.01,ttft=1.02
263.6954300797397,completion,response_time=0.00,queue_time=1.01,ttft=1.02
263.93557070026094,completion,response_time=0.00,queue_time=1.01,ttft=1.02
264.07480198904426,completion,response_time=0.00,queue_time=1.00,ttft=1.01
264.5575417305111,completion,response_time=0.00,queue_time=1.01,ttft=1.02
264.65249209674147,completion,response_time=0.00,queue_time=1.01,ttft=1.02
264.68466315686027,completion,response_time=0.00,queue_time=1.01,ttft=1.02
264.8747025198684,completion,response_time=0.00,queue_time=1.01,ttft=1.02
265.08300001468797,completion,response_time=0.00,queue_time=1.01,ttft=1.02
265.33479131542265,completion,response_time=0.00,queue_time=1.01,ttft=1.02
265.3618158690511,completion,response_time=0.00,queue_time=1.01,ttft=1.02
265.506722177427,completion,response_time=0.00,queue_time=1.00,ttft=1.01
265.5749214678141,completion,response_time=0.00,queue_time=1.00,ttft=1.01
265.9917654688759,completion,response_time=0.00,queue_time=1.01,ttft=1.02
266.1197562159615,completion,response_time=0.00,queue_time=1.01,ttft=1.02
266.1304799026678,completion,response_time=0.00,queue_time=1.01,ttft=1.02
266.3363224221104,completion,response_time=0.00,queue_time=1.01,ttft=1.02
266.3549848720629,completion,response_time=0.00,queue_time=1.00,ttft=1.01
266.4186588985883,completion,response_time=0.00,queue_time=1.01,ttft=1.02
266.7744109600177,completion,response_time=0.00,queue_time=1.00,ttft=1.01
266.92543003350676,completion,response_time=0.00,queue_time=1.01,ttft=1.02
266.93297250936155,completion,response_time=0.00,queue_time=1.01,ttft=1.02
267.23254716436503,completion,response_time=0.00,queue_time=1.01,ttft=1.02
267.2784242352126,completion,response_time=0.00,queue_time=1.01,ttft=1.02
267.9106208906417,completion,response_time=0.00,queue_time=1.01,ttft=1.02
268.1644942687058,completion,response_time=0.00,queue_time=1.01,ttft=1.02
268.24099289429404,completion,response_time=0.00,queue_time=1.00,ttft=1.01
268.2603355432561,completion,response_time=0.00,queue_time=1.01,ttft=1.02
268.3281480081025,completion,response_time=0.00,queue_time=1.01,ttft=1.02
268.3601580832925,completion,response_time=0.00,queue_time=1.01,ttft=1.02
268.4319137584975,completion,response_time=0.00,queue_time=1.01,ttft=1.02
268.44225635725564,completion,response_time=0.00,queue_time=1.00,ttft=1.01
268.76781718465867,completion,response_time=0.00,queue_time=1.01,ttft=1.02
268.77838186483723,completion,response_time=0.00,queue_time=1.01,ttft=1.02
269.05529339364546,completion,response_time=0.00,queue_time=1.01,ttft=1.02
269.33617513753654,completion,response_time=0.00,queue_time=1.01,ttft=1.02
269.5364715522614,completion,response_time=0.00,queue_time=1.00,ttft=1.01
270.1258675943122,completion,response_time=0.00,queue_time=1.01,ttft=1.02
270.1794857865751,completion,response_time=0.00,queue_time=1.01,ttft=1.02
270.22137838613577,completion,response_time=0.00,queue_time=1.00,ttft=1.01
270.3957397681949,completion,response_time=0.00,queue_time=1.01,ttft=1.02
270.3957397681949,completion,response_time=0.00,queue_time=1.01,ttft=1.02
270.88695133453854,completion,response_time=0.00,queue_time=1.00,ttft=1.01
270.94196903517417,completion,response_time=0.00,queue_time=1.01,ttft=1.02
270.96130943936447,completion,response_time=0.00,queue_time=1.01,ttft=1.02
271.15433580007743,completion,response_time=0.00,queue_time=1.00,ttft=1.01
271.19724486154416,completion,response_time=0.00,queue_time=1.01,ttft=1.02
271.4572177618784,completion,response_time=0.00,queue_time=1.01,ttft=1.02
271.4763541688586,completion,response_time=0.00,queue_time=1.01,ttft=1.02
271.6157620960402,completion,response_time=0.00,queue_time=1.00,ttft=1.01
271.7574796385509,completion,response_time=0.00,queue_time=1.00,ttft=1.01
271.9712717663003,completion,response_time=0.00,queue_time=1.01,ttft=1.02
272.07518422463727,completion,response_time=0.00,queue_time=1.00,ttft=1.01
272.37577170850193,completion,response_time=0.00,queue_time=1.01,ttft=1.02
272.48531627169166,completion,response_time=0.00,queue_time=1.01,ttft=1.02
272.5895667811997,completion,response_time=0.00,queue_time=1.01,ttft=1.02
272.8071829783021,completion,response_time=0.00,queue_time=1.01,ttft=1.02
273.27553861054395,completion,response_time=0.00,queue_time=1.01,ttft=1.02
273.27553861054395,completion,response_time=0.00,queue_time=1.00,ttft=1.01
273.4699747994214,completion,response_time=0.00,queue_time=1.01,ttft=1.02
273.48124472203205,completion,response_time=0.00,queue_time=1.01,ttft=1.02
273.5356954368051,completion,response_time=0.00,queue_time=1.01,ttft=1.02
273.6201057377576,completion,response_time=0.00,queue_time=1.01,ttft=1.02
273.6313756603683,completion,response_time=0.00,queue_time=1.01,ttft=1.02
273.7815072742561,completion,response_time=0.00,queue_time=1.01,ttft=1.02
274.0926313810076,completion,response_time=0.00,queue_time=1.01,ttft=1.02
274.14278107961877,completion,response_time=0.00,queue_time=1.00,ttft=1.01
274.1561439486286,completion,response_time=0.00,queue_time=1.01,ttft=1.02
274.2392942599752,completion,response_time=0.00,queue_time=1.01,ttft=1.02
274.474523817878,completion,response_time=0.00,queue_time=1.01,ttft=1.02
274.50772586976626,completion,response_time=0.00,queue_time=1.00,ttft=1.01
274.955727959984,completion,response_time=0.00,queue_time=1.01,ttft=1.02
275.25079475668326,completion,response_time=0.00,queue_time=1.01,ttft=1.02
275.44313247782435,completion,response_time=0.00,queue_time=1.01,ttft=1.02
275.4724070306257,completion,response_time=0.00,queue_time=1.01,ttft=1.02
275.8675798479427,completion,response_time=0.00,queue_time=1.01,ttft=1.02
275.93019725645706,completion,response_time=0.00,queue_time=1.00,ttft=1.01
275.93214205839007,completion,response_time=0.00,queue_time=1.01,ttft=1.02
276.26885263867376,completion,response_time=0.00,queue_time=1.00,ttft=1.01
276.3067900516228,completion,response_time=0.00,queue_time=1.01,ttft=1.02
276.45692098995903,completion,response_time=0.00,queue_time=1.01,ttft=1.02
276.50546045563624,completion,response_time=0.00,queue_time=1.01,ttft=1.02
276.62780556583994,completion,response_time=0.00,queue_time=1.01,ttft=1.02
276.70333650011383,completion,response_time=0.00,queue_time=1.00,ttft=1.01
276.8963628608268,completion,response_time=0.00,queue_time=1.01,ttft=1.02
277.0295388759961,completion,response_time=0.00,queue_time=1.01,ttft=1.02
277.1488816580127,completion,response_time=0.00,queue_time=1.01,ttft=1.02
277.29245829556385,completion,response_time=0.00,queue_time=1.00,ttft=1.01
277.83819492364023,completion,response_time=0.00,queue_time=1.00,ttft=1.01
278.0519734953117,completion,response_time=0.00,queue_time=1.01,ttft=1.02
278.3271031754557,completion,response_time=0.00,queue_time=1.01,ttft=1.02
278.5844693402294,completion,response_time=0.00,queue_time=1.01,ttft=1.02
278.65885557543317,completion,response_time=0.00,queue_time=1.01,ttft=1.02
278.68549606171916,completion,response_time=0.00,queue_time=1.00,ttft=1.01
278.9214161076761,completion,response_time=0.00,queue_time=1.00,ttft=1.01
278.9525641602935,completion,response_time=0.00,queue_time=1.00,ttft=1.01
279.0371547588809,completion,response_time=0.00,queue_time=1.00,ttft=1.01
279.360419983084,completion,response_time=0.00,queue_time=1.00,ttft=1.01
279.4451583442581,completion,response_time=0.00,queue_time=1.01,ttft=1.02
279.5489175669981,completion,response_time=0.00,queue_time=1.01,ttft=1.02
279.64890839167737,completion,response_time=0.00,queue_time=1.00,ttft=1.01
279.9021055038491,completion,response_time=0.00,queue_time=1.01,ttft=1.02
280.0408202647258,completion,response_time=0.00,queue_time=1.01,ttft=1.02
281.00730851281077,completion,response_time=0.00,queue_time=1.00,ttft=1.01
281.0682446097023,completion,response_time=0.00,queue_time=1.01,ttft=1.02
281.288238073713,completion,response_time=0.00,queue_time=1.00,ttft=1.01
281.32148168963874,completion,response_time=0.00,queue_time=1.01,ttft=1.02
281.33220532809133,completion,response_time=0.00,queue_time=1.01,ttft=1.02
281.5450961155267,completion,response_time=0.00,queue_time=1.01,ttft=1.02
281.55080616865297,completion,response_time=0.00,queue_time=1.01,ttft=1.02
281.85377606020063,completion,response_time=0.00,queue_time=1.01,ttft=1.02
281.87911335011137,completion,response_time=0.00,queue_time=1.00,ttft=1.01
281.9525925430851,completion,response_time=0.00,queue_time=1.01,ttft=1.02
282.12186702151536,completion,response_time=0.00,queue_time=1.00,ttft=1.01
282.2108549194728,completion,response_time=0.00,queue_time=1.00,ttft=1.01
282.91541983777967,completion,response_time=0.00,queue_time=1.01,ttft=1.02
283.0242630102731,completion,response_time=0.00,queue_time=1.01,ttft=1.02
283.4651366795887,completion,response_time=0.00,queue_time=1.00,ttft=1.01
283.51324083590123,completion,response_time=0.00,queue_time=1.01,ttft=1.02
283.70626893374686,completion,response_time=0.00,queue_time=1.00,ttft=1.01
283.7196999597767,completion,response_time=0.00,queue_time=1.00,ttft=1.01
284.45693713646,completion,response_time=0.00,queue_time=1.01,ttft=1.02
284.7078969748154,completion,response_time=0.00,queue_time=1.01,ttft=1.02
284.8644445658586,completion,response_time=0.00,queue_time=1.00,ttft=1.01
285.106263358662,completion,response_time=0.00,queue_time=1.01,ttft=1.02
285.2135011907984,completion,response_time=0.00,queue_time=1.00,ttft=1.01
285.5856466350922,completion,response_time=0.00,queue_time=1.01,ttft=1.02
286.28588433753146,completion,response_time=0.00,queue_time=1.00,ttft=1.01
287.56202602433234,completion,response_time=0.00,queue_time=1.00,ttft=1.01
293.6373854028762,completion,response_time=0.00,queue_time=1.00,ttft=1.01
303.87869228917475,completion,response_time=0.00,queue_time=1.00,ttft=1.01
319.99663142153616,completion,response_time=0.00,queue_time=1.00,ttft=1.01
332.51137251258297,completion,response_time=0.00,queue_time=1.00,ttft=1.01
332.7285599010224,completion,response_time=0.00,queue_time=1.00,ttft=1.01
364.28619060734195,completion,response_time=0.00,queue_time=1.00,ttft=1.01
366.8572424070102,completion,response_time=0.00,queue_time=1.00,ttft=1.01
370.9510588951346,completion,response_time=0.00,queue_time=1.00,ttft=1.01
404.50870574570723,completion,response_time=0.00,queue_time=1.00,ttft=1.01
463.15481831561306,completion,response_time=0.00,queue_time=1.00,ttft=1.01
467.23256149105583,completion,response_time=0.00,queue_time=1.00,ttft=1.01
484.6749174615189,completion,response_time=0.00,queue_time=1.00,ttft=1.01
519.0180868677851,completion,response_time=0.00,queue_time=1.00,ttft=1.01
535.7633930203858,completion,response_time=0.00,queue_time=1.00,ttft=1.01
543.3371243258426,completion,response_time=0.00,queue_time=1.00,ttft=1.01
552.59449446881,completion,response_time=0.00,queue_time=1.00,ttft=1.01
568.825060502121,completion,response_time=0.00,queue_time=1.00,ttft=1.01
574.0609799496731,completion,response_time=0.00,queue_time=1.00,ttft=1.01
579.2459605993283,completion,response_time=0.00,queue_time=1.00,ttft=1.01
582.1092285808082,completion,response_time=0.00,queue_time=1.00,ttft=1.01
624.3585640052203,completion,response_time=0.00,queue_time=1.00,ttft=1.01
630.481892494686,completion,response_time=0.00,queue_time=1.00,ttft=1.01
646.4543946723363,completion,response_time=0.00,queue_time=1.00,ttft=1.01
647.0549319367132,completion,response_time=0.00,queue_time=1.00,ttft=1.01
648.2057515697442,completion,response_time=0.00,queue_time=1.00,ttft=1.01
692.02075148982,completion,response_time=0.00,queue_time=1.00,ttft=1.01
716.1065727266977,completion,response_time=0.00,queue_time=1.00,ttft=1.01
733.8062883768519,completion,response_time=0.00,queue_time=1.00,ttft=1.01
771.2003920657617,completion,response_time=0.00,queue_time=1.00,ttft=1.01
792.2513472910041,completion,response_time=0.00,queue_time=1.00,ttft=1.01
807.4872511911569,completion,response_time=0.00,queue_time=1.00,ttft=1.01
825.6347112162554,completion,response_time=0.00,queue_time=1.00,ttft=1.01
874.6588328012284,completion,response_time=0.00,queue_time=1.00,ttft=1.01
893.8867198761452,completion,response_time=0.00,queue_time=1.00,ttft=1.01
896.7499839518741,completion,response_time=0.00,queue_time=1.00,ttft=1.01
923.5355056041684,completion,response_time=0.00,queue_time=1.00,ttft=1.01
955.8679529764764,completion,response_time=0.00,queue_time=1.00,ttft=1.01
